part_number,product_line_code,size_code,material_code,revision_code,sequence,manufacture_date,cost,product_line_desc,size_desc,material_desc,revision_desc
0101A0001,01,01,A,0,1,2020-02-01,,Engine,Small,Steel,Initial
0101A0002,01,01,A,0,2,2020-03-01,172.0,Engine,Small,Steel,Initial
0101A0003,01,01,A,0,3,2020-04-01,173.0,Engine,Small,Steel,Initial
0101A0004,01,01,A,0,4,2020-05-01,174.0,Engine,Small,Steel,Initial
0101A0005,01,01,A,0,5,2020-06-01,175.0,Engine,Small,Steel,Initial
0101A1001,01,01,A,1,1,,181.0,Engine,Small,Steel,Rev1
0101A1002,01,01,A,1,2,2020-03-01,182.0,Engine,Small,Steel,Rev1
0101A1003,01,01,A,1,3,2020-04-01,183.0,Engine,Small,Steel,Rev1
0101A1004,01,01,A,1,4,2020-05-01,184.0,Engine,Small,Steel,Rev1
0101A1005,01,01,A,1,5,2020-06-01,185.0,Engine,Small,Steel,Rev1
0101A2001,01,01,A,2,1,2020-02-01,191.0,Engine,Small,Steel,Rev2
0101A2002,01,01,A,2,2,2020-03-01,192.0,Engine,Small,Steel,Rev2
0101A2003,01,01,A,2,3,2020-04-01,193.0,Engine,Small,Steel,Rev2
0101A2004,01,01,A,2,4,2020-05-01,194.0,Engine,Small,Steel,Rev2
0101A2005,01,01,A,2,5,2020-06-01,195.0,Engine,Small,Steel,Rev2
0101B0001,01,01,B,0,1,2020-02-01,191.0,Engine,Small,Aluminum,Initial
0101B0002,01,01,B,0,2,2020-03-01,192.0,Engine,Small,Aluminum,Initial
0101B0003,01,01,B,0,3,2020-04-01,193.0,Engine,Small,Aluminum,Initial
0101B0004,01,01,B,0,4,2020-05-01,194.0,Engine,Small,Aluminum,Initial
0101B0005,01,01,B,0,5,2020-06-01,195.0,Engine,Small,Aluminum,Initial
0101B1001,01,01,B,1,1,2020-02-01,,Engine,Small,Aluminum,Rev1
0101B1002,01,01,B,1,2,2020-03-01,202.0,Engine,Small,Aluminum,Rev1
0101B1003,01,01,B,1,3,2020-04-01,203.0,Engine,Small,Aluminum,Rev1
0101B1004,01,01,B,1,4,2020-05-01,204.0,Engine,Small,Aluminum,Rev1
0101B1005,01,01,B,1,5,2020-06-01,205.0,Engine,Small,Aluminum,Rev1
0101B2001,01,01,B,2,1,2020-02-01,211.0,Engine,Small,Aluminum,Rev2
0101B2002,01,01,B,2,2,2020-03-01,212.0,Engine,Small,Aluminum,Rev2
0101B2003,01,01,B,2,3,2020-04-01,213.0,Engine,Small,Aluminum,Rev2
0101B2004,01,01,B,2,4,2020-05-01,214.0,Engine,Small,Aluminum,Rev2
0101B2005,01,01,B,2,5,2020-06-01,215.0,Engine,Small,Aluminum,Rev2
0101C0001,01,01,C,0,1,2020-02-01,211.0,Engine,Small,CarbonFiber,Initial
0101C0002,01,01,C,0,2,2020-03-01,212.0,Engine,Small,CarbonFiber,Initial
0101C0003,01,01,C,0,3,2020-04-01,213.0,Engine,Small,CarbonFiber,Initial
0101C0004,01,01,C,0,4,2020-05-01,214.0,Engine,Small,CarbonFiber,Initial
0101C0005,01,01,C,0,5,2020-06-01,215.0,Engine,Small,CarbonFiber,Initial
0101C1001,01,01,C,1,1,2020-02-01,221.0,Engine,Small,CarbonFiber,Rev1
0101C1002,01,01,C,1,2,2020-03-01,222.0,Engine,Small,CarbonFiber,Rev1
0101C1003,01,01,C,1,3,2020-04-01,223.0,Engine,Small,CarbonFiber,Rev1
0101C1004,01,01,C,1,4,2020-05-01,224.0,Engine,Small,CarbonFiber,Rev1
0101C1005,01,01,C,1,5,2020-06-01,225.0,Engine,Small,CarbonFiber,Rev1
0101C2001,01,01,C,2,1,2020-02-01,231.0,Engine,Small,CarbonFiber,Rev2
0101C2002,01,01,C,2,2,2020-03-01,232.0,Engine,Small,CarbonFiber,Rev2
0101C2003,01,01,C,2,3,2020-04-01,233.0,Engine,Small,CarbonFiber,Rev2
0101C2004,01,01,C,2,4,2020-05-01,234.0,Engine,Small,CarbonFiber,Rev2
0101C2005,01,01,C,2,5,2020-06-01,235.0,Engine,Small,CarbonFiber,Rev2
0102A0001,01,02,A,0,1,2020-02-01,221.0,Engine,Medium,Steel,Initial
0102A0002,01,02,A,0,2,2020-03-01,222.0,Engine,Medium,Steel,Initial
0102A0003,01,02,A,0,3,2020-04-01,223.0,Engine,Medium,Steel,Initial
0102A0004,01,02,A,0,4,2020-05-01,224.0,Engine,Medium,Steel,Initial
0102A0005,01,02,A,0,5,2020-06-01,225.0,Engine,Medium,Steel,Initial
0102A1001,01,02,A,1,1,,231.0,Engine,Medium,Steel,Rev1
0102A1002,01,02,A,1,2,2020-03-01,232.0,Engine,Medium,Steel,Rev1
0102A1003,01,02,A,1,3,2020-04-01,233.0,Engine,Medium,Steel,Rev1
0102A1004,01,02,A,1,4,2020-05-01,234.0,Engine,Medium,Steel,Rev1
0102A1005,01,02,A,1,5,2020-06-01,235.0,Engine,Medium,Steel,Rev1
0102A2001,01,02,A,2,1,2020-02-01,241.0,Engine,Medium,Steel,Rev2
0102A2002,01,02,A,2,2,2020-03-01,242.0,Engine,Medium,Steel,Rev2
0102A2003,01,02,A,2,3,2020-04-01,243.0,Engine,Medium,Steel,Rev2
0102A2004,01,02,A,2,4,2020-05-01,244.0,Engine,Medium,Steel,Rev2
0102A2005,01,02,A,2,5,2020-06-01,245.0,Engine,Medium,Steel,Rev2
0102B0001,01,02,B,0,1,2020-02-01,241.0,Engine,Medium,Aluminum,Initial
0102B0002,01,02,B,0,2,2020-03-01,242.0,Engine,Medium,Aluminum,Initial
0102B0003,01,02,B,0,3,2020-04-01,243.0,Engine,Medium,Aluminum,Initial
0102B0004,01,02,B,0,4,2020-05-01,244.0,Engine,Medium,Aluminum,Initial
0102B0005,01,02,B,0,5,2020-06-01,245.0,Engine,Medium,Aluminum,Initial
0102B1001,01,02,B,1,1,2020-02-01,251.0,Engine,Medium,Aluminum,Rev1
0102B1002,01,02,B,1,2,2020-03-01,252.0,Engine,Medium,Aluminum,Rev1
0102B1003,01,02,B,1,3,2020-04-01,253.0,Engine,Medium,Aluminum,Rev1
0102B1004,01,02,B,1,4,2020-05-01,254.0,Engine,Medium,Aluminum,Rev1
0102B1005,01,02,B,1,5,2020-06-01,255.0,Engine,Medium,Aluminum,Rev1
0102B2001,01,02,B,2,1,2020-02-01,261.0,Engine,Medium,Aluminum,Rev2
0102B2002,01,02,B,2,2,2020-03-01,262.0,Engine,Medium,Aluminum,Rev2
0102B2003,01,02,B,2,3,2020-04-01,263.0,Engine,Medium,Aluminum,Rev2
0102B2004,01,02,B,2,4,2020-05-01,264.0,Engine,Medium,Aluminum,Rev2
0102B2005,01,02,B,2,5,2020-06-01,265.0,Engine,Medium,Aluminum,Rev2
0102C0001,01,02,C,0,1,2020-02-01,261.0,Engine,Medium,CarbonFiber,Initial
0102C0002,01,02,C,0,2,2020-03-01,262.0,Engine,Medium,CarbonFiber,Initial
0102C0003,01,02,C,0,3,2020-04-01,263.0,Engine,Medium,CarbonFiber,Initial
0102C0004,01,02,C,0,4,2020-05-01,264.0,Engine,Medium,CarbonFiber,Initial
0102C0005,01,02,C,0,5,2020-06-01,265.0,Engine,Medium,CarbonFiber,Initial
0102C1001,01,02,C,1,1,2020-02-01,271.0,Engine,Medium,CarbonFiber,Rev1
0102C1002,01,02,C,1,2,2020-03-01,272.0,Engine,Medium,CarbonFiber,Rev1
0102C1003,01,02,C,1,3,2020-04-01,273.0,Engine,Medium,CarbonFiber,Rev1
0102C1004,01,02,C,1,4,2020-05-01,274.0,Engine,Medium,CarbonFiber,Rev1
0102C1005,01,02,C,1,5,2020-06-01,275.0,Engine,Medium,CarbonFiber,Rev1
0102C2001,01,02,C,2,1,2020-02-01,281.0,Engine,Medium,CarbonFiber,Rev2
0102C2002,01,02,C,2,2,2020-03-01,282.0,Engine,Medium,CarbonFiber,Rev2
0102C2003,01,02,C,2,3,2020-04-01,283.0,Engine,Medium,CarbonFiber,Rev2
0102C2004,01,02,C,2,4,2020-05-01,284.0,Engine,Medium,CarbonFiber,Rev2
0102C2005,01,02,C,2,5,2020-06-01,285.0,Engine,Medium,CarbonFiber,Rev2
0103A0001,01,03,A,0,1,2020-02-01,271.0,Engine,Large,Steel,Initial
0103A0002,01,03,A,0,2,2020-03-01,272.0,Engine,Large,Steel,Initial
0103A0003,01,03,A,0,3,2020-04-01,273.0,Engine,Large,Steel,Initial
0103A0004,01,03,A,0,4,2020-05-01,274.0,Engine,Large,Steel,Initial
0103A0005,01,03,A,0,5,2020-06-01,275.0,Engine,Large,Steel,Initial
0103A1001,01,03,A,1,1,2020-02-01,281.0,Engine,Large,Steel,Rev1
0103A1002,01,03,A,1,2,2020-03-01,282.0,Engine,Large,Steel,Rev1
0103A1003,01,03,A,1,3,2020-04-01,283.0,Engine,Large,Steel,Rev1
0103A1004,01,03,A,1,4,2020-05-01,284.0,Engine,Large,Steel,Rev1
0103A1005,01,03,A,1,5,2020-06-01,285.0,Engine,Large,Steel,Rev1
0103A2001,01,03,A,2,1,2020-02-01,291.0,Engine,Large,Steel,Rev2
0103A2002,01,03,A,2,2,2020-03-01,292.0,Engine,Large,Steel,Rev2
0103A2003,01,03,A,2,3,2020-04-01,293.0,Engine,Large,Steel,Rev2
0103A2004,01,03,A,2,4,2020-05-01,294.0,Engine,Large,Steel,Rev2
0103A2005,01,03,A,2,5,2020-06-01,295.0,Engine,Large,Steel,Rev2
0103B0001,01,03,B,0,1,2020-02-01,291.0,Engine,Large,Aluminum,Initial
0103B0002,01,03,B,0,2,2020-03-01,292.0,Engine,Large,Aluminum,Initial
0103B0003,01,03,B,0,3,2020-04-01,293.0,Engine,Large,Aluminum,Initial
0103B0004,01,03,B,0,4,2020-05-01,294.0,Engine,Large,Aluminum,Initial
0103B0005,01,03,B,0,5,2020-06-01,295.0,Engine,Large,Aluminum,Initial
0103B1001,01,03,B,1,1,2020-02-01,301.0,Engine,Large,Aluminum,Rev1
0103B1002,01,03,B,1,2,2020-03-01,302.0,Engine,Large,Aluminum,Rev1
0103B1003,01,03,B,1,3,2020-04-01,303.0,Engine,Large,Aluminum,Rev1
0103B1004,01,03,B,1,4,2020-05-01,304.0,Engine,Large,Aluminum,Rev1
0103B1005,01,03,B,1,5,2020-06-01,305.0,Engine,Large,Aluminum,Rev1
0103B2001,01,03,B,2,1,2020-02-01,311.0,Engine,Large,Aluminum,Rev2
0103B2002,01,03,B,2,2,2020-03-01,312.0,Engine,Large,Aluminum,Rev2
0103B2003,01,03,B,2,3,2020-04-01,313.0,Engine,Large,Aluminum,Rev2
0103B2004,01,03,B,2,4,2020-05-01,314.0,Engine,Large,Aluminum,Rev2
0103B2005,01,03,B,2,5,2020-06-01,315.0,Engine,Large,Aluminum,Rev2
0103C0001,01,03,C,0,1,2020-02-01,311.0,Engine,Large,CarbonFiber,Initial
0103C0002,01,03,C,0,2,2020-03-01,312.0,Engine,Large,CarbonFiber,Initial
0103C0003,01,03,C,0,3,2020-04-01,313.0,Engine,Large,CarbonFiber,Initial
0103C0004,01,03,C,0,4,2020-05-01,314.0,Engine,Large,CarbonFiber,Initial
0103C0005,01,03,C,0,5,2020-06-01,315.0,Engine,Large,CarbonFiber,Initial
0103C1001,01,03,C,1,1,2020-02-01,321.0,Engine,Large,CarbonFiber,Rev1
0103C1002,01,03,C,1,2,2020-03-01,322.0,Engine,Large,CarbonFiber,Rev1
0103C1003,01,03,C,1,3,2020-04-01,323.0,Engine,Large,CarbonFiber,Rev1
0103C1004,01,03,C,1,4,2020-05-01,324.0,Engine,Large,CarbonFiber,Rev1
0103C1005,01,03,C,1,5,2020-06-01,325.0,Engine,Large,CarbonFiber,Rev1
0103C2001,01,03,C,2,1,2020-02-01,331.0,Engine,Large,CarbonFiber,Rev2
0103C2002,01,03,C,2,2,2020-03-01,332.0,Engine,Large,CarbonFiber,Rev2
0103C2003,01,03,C,2,3,2020-04-01,333.0,Engine,Large,CarbonFiber,Rev2
0103C2004,01,03,C,2,4,2020-05-01,334.0,Engine,Large,CarbonFiber,Rev2
0103C2005,01,03,C,2,5,2020-06-01,335.0,Engine,Large,CarbonFiber,Rev2
0201A0001,02,01,A,0,1,2020-02-01,271.0,Transmission,Small,Steel,Initial
0201A0002,02,01,A,0,2,2020-03-01,272.0,Transmission,Small,Steel,Initial
0201A0003,02,01,A,0,3,2020-04-01,273.0,Transmission,Small,Steel,Initial
0201A0004,02,01,A,0,4,2020-05-01,274.0,Transmission,Small,Steel,Initial
0201A0005,02,01,A,0,5,2020-06-01,275.0,Transmission,Small,Steel,Initial
0201A1001,02,01,A,1,1,2020-02-01,281.0,Transmission,Small,Steel,Rev1
0201A1002,02,01,A,1,2,2020-03-01,282.0,Transmission,Small,Steel,Rev1
0201A1003,02,01,A,1,3,2020-04-01,283.0,Transmission,Small,Steel,Rev1
0201A1004,02,01,A,1,4,2020-05-01,284.0,Transmission,Small,Steel,Rev1
0201A1005,02,01,A,1,5,2020-06-01,285.0,Transmission,Small,Steel,Rev1
0201A2001,02,01,A,2,1,2020-02-01,291.0,Transmission,Small,Steel,Rev2
0201A2002,02,01,A,2,2,2020-03-01,292.0,Transmission,Small,Steel,Rev2
0201A2003,02,01,A,2,3,2020-04-01,293.0,Transmission,Small,Steel,Rev2
0201A2004,02,01,A,2,4,2020-05-01,294.0,Transmission,Small,Steel,Rev2
0201A2005,02,01,A,2,5,2020-06-01,295.0,Transmission,Small,Steel,Rev2
0201B0001,02,01,B,0,1,2020-02-01,291.0,Transmission,Small,Aluminum,Initial
0201B0002,02,01,B,0,2,2020-03-01,292.0,Transmission,Small,Aluminum,Initial
0201B0003,02,01,B,0,3,2020-04-01,293.0,Transmission,Small,Aluminum,Initial
0201B0004,02,01,B,0,4,2020-05-01,294.0,Transmission,Small,Aluminum,Initial
0201B0005,02,01,B,0,5,2020-06-01,295.0,Transmission,Small,Aluminum,Initial
0201B1001,02,01,B,1,1,2020-02-01,301.0,Transmission,Small,Aluminum,Rev1
0201B1002,02,01,B,1,2,2020-03-01,302.0,Transmission,Small,Aluminum,Rev1
0201B1003,02,01,B,1,3,2020-04-01,303.0,Transmission,Small,Aluminum,Rev1
0201B1004,02,01,B,1,4,2020-05-01,304.0,Transmission,Small,Aluminum,Rev1
0201B1005,02,01,B,1,5,2020-06-01,305.0,Transmission,Small,Aluminum,Rev1
0201B2001,02,01,B,2,1,2020-02-01,311.0,Transmission,Small,Aluminum,Rev2
0201B2002,02,01,B,2,2,2020-03-01,312.0,Transmission,Small,Aluminum,Rev2
0201B2003,02,01,B,2,3,2020-04-01,313.0,Transmission,Small,Aluminum,Rev2
0201B2004,02,01,B,2,4,2020-05-01,314.0,Transmission,Small,Aluminum,Rev2
0201B2005,02,01,B,2,5,2020-06-01,315.0,Transmission,Small,Aluminum,Rev2
0201C0001,02,01,C,0,1,2020-02-01,311.0,Transmission,Small,CarbonFiber,Initial
0201C0002,02,01,C,0,2,2020-03-01,312.0,Transmission,Small,CarbonFiber,Initial
0201C0003,02,01,C,0,3,2020-04-01,313.0,Transmission,Small,CarbonFiber,Initial
0201C0004,02,01,C,0,4,2020-05-01,314.0,Transmission,Small,CarbonFiber,Initial
0201C0005,02,01,C,0,5,2020-06-01,315.0,Transmission,Small,CarbonFiber,Initial
0201C1001,02,01,C,1,1,2020-02-01,321.0,Transmission,Small,CarbonFiber,Rev1
0201C1002,02,01,C,1,2,2020-03-01,322.0,Transmission,Small,CarbonFiber,Rev1
0201C1003,02,01,C,1,3,2020-04-01,323.0,Transmission,Small,CarbonFiber,Rev1
0201C1004,02,01,C,1,4,2020-05-01,324.0,Transmission,Small,CarbonFiber,Rev1
0201C1005,02,01,C,1,5,2020-06-01,325.0,Transmission,Small,CarbonFiber,Rev1
0201C2001,02,01,C,2,1,2020-02-01,331.0,Transmission,Small,CarbonFiber,Rev2
0201C2002,02,01,C,2,2,2020-03-01,332.0,Transmission,Small,CarbonFiber,Rev2
0201C2003,02,01,C,2,3,2020-04-01,333.0,Transmission,Small,CarbonFiber,Rev2
0201C2004,02,01,C,2,4,2020-05-01,334.0,Transmission,Small,CarbonFiber,Rev2
0201C2005,02,01,C,2,5,2020-06-01,335.0,Transmission,Small,CarbonFiber,Rev2
0202A0001,02,02,A,0,1,2020-02-01,321.0,Transmission,Medium,Steel,Initial
0202A0002,02,02,A,0,2,2020-03-01,322.0,Transmission,Medium,Steel,Initial
0202A0003,02,02,A,0,3,2020-04-01,323.0,Transmission,Medium,Steel,Initial
0202A0004,02,02,A,0,4,2020-05-01,324.0,Transmission,Medium,Steel,Initial
0202A0005,02,02,A,0,5,2020-06-01,325.0,Transmission,Medium,Steel,Initial
0202A1001,02,02,A,1,1,2020-02-01,331.0,Transmission,Medium,Steel,Rev1
0202A1002,02,02,A,1,2,2020-03-01,332.0,Transmission,Medium,Steel,Rev1
0202A1003,02,02,A,1,3,2020-04-01,333.0,Transmission,Medium,Steel,Rev1
0202A1004,02,02,A,1,4,2020-05-01,334.0,Transmission,Medium,Steel,Rev1
0202A1005,02,02,A,1,5,2020-06-01,335.0,Transmission,Medium,Steel,Rev1
0202A2001,02,02,A,2,1,2020-02-01,341.0,Transmission,Medium,Steel,Rev2
0202A2002,02,02,A,2,2,2020-03-01,342.0,Transmission,Medium,Steel,Rev2
0202A2003,02,02,A,2,3,2020-04-01,343.0,Transmission,Medium,Steel,Rev2
0202A2004,02,02,A,2,4,2020-05-01,344.0,Transmission,Medium,Steel,Rev2
0202A2005,02,02,A,2,5,2020-06-01,345.0,Transmission,Medium,Steel,Rev2
0202B0001,02,02,B,0,1,2020-02-01,341.0,Transmission,Medium,Aluminum,Initial
0202B0002,02,02,B,0,2,2020-03-01,342.0,Transmission,Medium,Aluminum,Initial
0202B0003,02,02,B,0,3,2020-04-01,343.0,Transmission,Medium,Aluminum,Initial
0202B0004,02,02,B,0,4,2020-05-01,344.0,Transmission,Medium,Aluminum,Initial
0202B0005,02,02,B,0,5,2020-06-01,345.0,Transmission,Medium,Aluminum,Initial
0202B1001,02,02,B,1,1,2020-02-01,351.0,Transmission,Medium,Aluminum,Rev1
0202B1002,02,02,B,1,2,2020-03-01,352.0,Transmission,Medium,Aluminum,Rev1
0202B1003,02,02,B,1,3,2020-04-01,353.0,Transmission,Medium,Aluminum,Rev1
0202B1004,02,02,B,1,4,2020-05-01,354.0,Transmission,Medium,Aluminum,Rev1
0202B1005,02,02,B,1,5,2020-06-01,355.0,Transmission,Medium,Aluminum,Rev1
0202B2001,02,02,B,2,1,2020-02-01,361.0,Transmission,Medium,Aluminum,Rev2
0202B2002,02,02,B,2,2,2020-03-01,362.0,Transmission,Medium,Aluminum,Rev2
0202B2003,02,02,B,2,3,2020-04-01,363.0,Transmission,Medium,Aluminum,Rev2
0202B2004,02,02,B,2,4,2020-05-01,364.0,Transmission,Medium,Aluminum,Rev2
0202B2005,02,02,B,2,5,2020-06-01,365.0,Transmission,Medium,Aluminum,Rev2
0202C0001,02,02,C,0,1,2020-02-01,361.0,Transmission,Medium,CarbonFiber,Initial
0202C0002,02,02,C,0,2,2020-03-01,362.0,Transmission,Medium,CarbonFiber,Initial
0202C0003,02,02,C,0,3,2020-04-01,363.0,Transmission,Medium,CarbonFiber,Initial
0202C0004,02,02,C,0,4,2020-05-01,364.0,Transmission,Medium,CarbonFiber,Initial
0202C0005,02,02,C,0,5,2020-06-01,365.0,Transmission,Medium,CarbonFiber,Initial
0202C1001,02,02,C,1,1,2020-02-01,371.0,Transmission,Medium,CarbonFiber,Rev1
0202C1002,02,02,C,1,2,2020-03-01,372.0,Transmission,Medium,CarbonFiber,Rev1
0202C1003,02,02,C,1,3,2020-04-01,373.0,Transmission,Medium,CarbonFiber,Rev1
0202C1004,02,02,C,1,4,2020-05-01,374.0,Transmission,Medium,CarbonFiber,Rev1
0202C1005,02,02,C,1,5,2020-06-01,375.0,Transmission,Medium,CarbonFiber,Rev1
0202C2001,02,02,C,2,1,2020-02-01,381.0,Transmission,Medium,CarbonFiber,Rev2
0202C2002,02,02,C,2,2,2020-03-01,382.0,Transmission,Medium,CarbonFiber,Rev2
0202C2003,02,02,C,2,3,2020-04-01,383.0,Transmission,Medium,CarbonFiber,Rev2
0202C2004,02,02,C,2,4,2020-05-01,384.0,Transmission,Medium,CarbonFiber,Rev2
0202C2005,02,02,C,2,5,2020-06-01,385.0,Transmission,Medium,CarbonFiber,Rev2
0203A0001,02,03,A,0,1,2020-02-01,371.0,Transmission,Large,Steel,Initial
0203A0002,02,03,A,0,2,2020-03-01,372.0,Transmission,Large,Steel,Initial
0203A0003,02,03,A,0,3,2020-04-01,373.0,Transmission,Large,Steel,Initial
0203A0004,02,03,A,0,4,2020-05-01,374.0,Transmission,Large,Steel,Initial
0203A0005,02,03,A,0,5,2020-06-01,375.0,Transmission,Large,Steel,Initial
0203A1001,02,03,A,1,1,2020-02-01,381.0,Transmission,Large,Steel,Rev1
0203A1002,02,03,A,1,2,2020-03-01,382.0,Transmission,Large,Steel,Rev1
0203A1003,02,03,A,1,3,2020-04-01,383.0,Transmission,Large,Steel,Rev1
0203A1004,02,03,A,1,4,2020-05-01,384.0,Transmission,Large,Steel,Rev1
0203A1005,02,03,A,1,5,2020-06-01,385.0,Transmission,Large,Steel,Rev1
0203A2001,02,03,A,2,1,2020-02-01,391.0,Transmission,Large,Steel,Rev2
0203A2002,02,03,A,2,2,2020-03-01,392.0,Transmission,Large,Steel,Rev2
0203A2003,02,03,A,2,3,2020-04-01,393.0,Transmission,Large,Steel,Rev2
0203A2004,02,03,A,2,4,2020-05-01,394.0,Transmission,Large,Steel,Rev2
0203A2005,02,03,A,2,5,2020-06-01,395.0,Transmission,Large,Steel,Rev2
0203B0001,02,03,B,0,1,2020-02-01,391.0,Transmission,Large,Aluminum,Initial
0203B0002,02,03,B,0,2,2020-03-01,392.0,Transmission,Large,Aluminum,Initial
0203B0003,02,03,B,0,3,2020-04-01,393.0,Transmission,Large,Aluminum,Initial
0203B0004,02,03,B,0,4,2020-05-01,394.0,Transmission,Large,Aluminum,Initial
0203B0005,02,03,B,0,5,2020-06-01,395.0,Transmission,Large,Aluminum,Initial
0203B1001,02,03,B,1,1,2020-02-01,401.0,Transmission,Large,Aluminum,Rev1
0203B1002,02,03,B,1,2,2020-03-01,402.0,Transmission,Large,Aluminum,Rev1
0203B1003,02,03,B,1,3,2020-04-01,403.0,Transmission,Large,Aluminum,Rev1
0203B1004,02,03,B,1,4,2020-05-01,404.0,Transmission,Large,Aluminum,Rev1
0203B1005,02,03,B,1,5,2020-06-01,405.0,Transmission,Large,Aluminum,Rev1
0203B2001,02,03,B,2,1,2020-02-01,411.0,Transmission,Large,Aluminum,Rev2
0203B2002,02,03,B,2,2,2020-03-01,412.0,Transmission,Large,Aluminum,Rev2
0203B2003,02,03,B,2,3,2020-04-01,413.0,Transmission,Large,Aluminum,Rev2
0203B2004,02,03,B,2,4,2020-05-01,414.0,Transmission,Large,Aluminum,Rev2
0203B2005,02,03,B,2,5,2020-06-01,415.0,Transmission,Large,Aluminum,Rev2
0203C0001,02,03,C,0,1,2020-02-01,411.0,Transmission,Large,CarbonFiber,Initial
0203C0002,02,03,C,0,2,2020-03-01,412.0,Transmission,Large,CarbonFiber,Initial
0203C0003,02,03,C,0,3,2020-04-01,413.0,Transmission,Large,CarbonFiber,Initial
0203C0004,02,03,C,0,4,2020-05-01,414.0,Transmission,Large,CarbonFiber,Initial
0203C0005,02,03,C,0,5,2020-06-01,415.0,Transmission,Large,CarbonFiber,Initial
0203C1001,02,03,C,1,1,2020-02-01,421.0,Transmission,Large,CarbonFiber,Rev1
0203C1002,02,03,C,1,2,2020-03-01,422.0,Transmission,Large,CarbonFiber,Rev1
0203C1003,02,03,C,1,3,2020-04-01,423.0,Transmission,Large,CarbonFiber,Rev1
0203C1004,02,03,C,1,4,2020-05-01,424.0,Transmission,Large,CarbonFiber,Rev1
0203C1005,02,03,C,1,5,2020-06-01,425.0,Transmission,Large,CarbonFiber,Rev1
0203C2001,02,03,C,2,1,2020-02-01,431.0,Transmission,Large,CarbonFiber,Rev2
0203C2002,02,03,C,2,2,2020-03-01,432.0,Transmission,Large,CarbonFiber,Rev2
0203C2003,02,03,C,2,3,2020-04-01,433.0,Transmission,Large,CarbonFiber,Rev2
0203C2004,02,03,C,2,4,2020-05-01,434.0,Transmission,Large,CarbonFiber,Rev2
0203C2005,02,03,C,2,5,2020-06-01,435.0,Transmission,Large,CarbonFiber,Rev2
0301A0001,03,01,A,0,1,2020-02-01,371.0,Braking,Small,Steel,Initial
0301A0002,03,01,A,0,2,2020-03-01,372.0,Braking,Small,Steel,Initial
0301A0003,03,01,A,0,3,2020-04-01,373.0,Braking,Small,Steel,Initial
0301A0004,03,01,A,0,4,2020-05-01,374.0,Braking,Small,Steel,Initial
0301A0005,03,01,A,0,5,2020-06-01,375.0,Braking,Small,Steel,Initial
0301A1001,03,01,A,1,1,2020-02-01,381.0,Braking,Small,Steel,Rev1
0301A1002,03,01,A,1,2,2020-03-01,382.0,Braking,Small,Steel,Rev1
0301A1003,03,01,A,1,3,2020-04-01,383.0,Braking,Small,Steel,Rev1
0301A1004,03,01,A,1,4,2020-05-01,384.0,Braking,Small,Steel,Rev1
0301A1005,03,01,A,1,5,2020-06-01,385.0,Braking,Small,Steel,Rev1
0301A2001,03,01,A,2,1,2020-02-01,391.0,Braking,Small,Steel,Rev2
0301A2002,03,01,A,2,2,2020-03-01,392.0,Braking,Small,Steel,Rev2
0301A2003,03,01,A,2,3,2020-04-01,393.0,Braking,Small,Steel,Rev2
0301A2004,03,01,A,2,4,2020-05-01,394.0,Braking,Small,Steel,Rev2
0301A2005,03,01,A,2,5,2020-06-01,395.0,Braking,Small,Steel,Rev2
0301B0001,03,01,B,0,1,2020-02-01,391.0,Braking,Small,Aluminum,Initial
0301B0002,03,01,B,0,2,2020-03-01,392.0,Braking,Small,Aluminum,Initial
0301B0003,03,01,B,0,3,2020-04-01,393.0,Braking,Small,Aluminum,Initial
0301B0004,03,01,B,0,4,2020-05-01,394.0,Braking,Small,Aluminum,Initial
0301B0005,03,01,B,0,5,2020-06-01,395.0,Braking,Small,Aluminum,Initial
0301B1001,03,01,B,1,1,2020-02-01,401.0,Braking,Small,Aluminum,Rev1
0301B1002,03,01,B,1,2,2020-03-01,402.0,Braking,Small,Aluminum,Rev1
0301B1003,03,01,B,1,3,2020-04-01,403.0,Braking,Small,Aluminum,Rev1
0301B1004,03,01,B,1,4,2020-05-01,404.0,Braking,Small,Aluminum,Rev1
0301B1005,03,01,B,1,5,2020-06-01,405.0,Braking,Small,Aluminum,Rev1
0301B2001,03,01,B,2,1,2020-02-01,411.0,Braking,Small,Aluminum,Rev2
0301B2002,03,01,B,2,2,2020-03-01,412.0,Braking,Small,Aluminum,Rev2
0301B2003,03,01,B,2,3,2020-04-01,413.0,Braking,Small,Aluminum,Rev2
0301B2004,03,01,B,2,4,2020-05-01,414.0,Braking,Small,Aluminum,Rev2
0301B2005,03,01,B,2,5,2020-06-01,415.0,Braking,Small,Aluminum,Rev2
0301C0001,03,01,C,0,1,2020-02-01,411.0,Braking,Small,CarbonFiber,Initial
0301C0002,03,01,C,0,2,2020-03-01,412.0,Braking,Small,CarbonFiber,Initial
0301C0003,03,01,C,0,3,2020-04-01,413.0,Braking,Small,CarbonFiber,Initial
0301C0004,03,01,C,0,4,2020-05-01,414.0,Braking,Small,CarbonFiber,Initial
0301C0005,03,01,C,0,5,2020-06-01,415.0,Braking,Small,CarbonFiber,Initial
0301C1001,03,01,C,1,1,2020-02-01,421.0,Braking,Small,CarbonFiber,Rev1
0301C1002,03,01,C,1,2,2020-03-01,422.0,Braking,Small,CarbonFiber,Rev1
0301C1003,03,01,C,1,3,2020-04-01,423.0,Braking,Small,CarbonFiber,Rev1
0301C1004,03,01,C,1,4,2020-05-01,424.0,Braking,Small,CarbonFiber,Rev1
0301C1005,03,01,C,1,5,2020-06-01,425.0,Braking,Small,CarbonFiber,Rev1
0301C2001,03,01,C,2,1,2020-02-01,431.0,Braking,Small,CarbonFiber,Rev2
0301C2002,03,01,C,2,2,2020-03-01,432.0,Braking,Small,CarbonFiber,Rev2
0301C2003,03,01,C,2,3,2020-04-01,433.0,Braking,Small,CarbonFiber,Rev2
0301C2004,03,01,C,2,4,2020-05-01,434.0,Braking,Small,CarbonFiber,Rev2
0301C2005,03,01,C,2,5,2020-06-01,435.0,Braking,Small,CarbonFiber,Rev2
0302A0001,03,02,A,0,1,2020-02-01,421.0,Braking,Medium,Steel,Initial
0302A0002,03,02,A,0,2,2020-03-01,422.0,Braking,Medium,Steel,Initial
0302A0003,03,02,A,0,3,2020-04-01,423.0,Braking,Medium,Steel,Initial
0302A0004,03,02,A,0,4,2020-05-01,424.0,Braking,Medium,Steel,Initial
0302A0005,03,02,A,0,5,2020-06-01,425.0,Braking,Medium,Steel,Initial
0302A1001,03,02,A,1,1,2020-02-01,431.0,Braking,Medium,Steel,Rev1
0302A1002,03,02,A,1,2,2020-03-01,432.0,Braking,Medium,Steel,Rev1
0302A1003,03,02,A,1,3,2020-04-01,433.0,Braking,Medium,Steel,Rev1
0302A1004,03,02,A,1,4,2020-05-01,434.0,Braking,Medium,Steel,Rev1
0302A1005,03,02,A,1,5,2020-06-01,435.0,Braking,Medium,Steel,Rev1
0302A2001,03,02,A,2,1,2020-02-01,441.0,Braking,Medium,Steel,Rev2
0302A2002,03,02,A,2,2,2020-03-01,442.0,Braking,Medium,Steel,Rev2
0302A2003,03,02,A,2,3,2020-04-01,443.0,Braking,Medium,Steel,Rev2
0302A2004,03,02,A,2,4,2020-05-01,444.0,Braking,Medium,Steel,Rev2
0302A2005,03,02,A,2,5,2020-06-01,445.0,Braking,Medium,Steel,Rev2
0302B0001,03,02,B,0,1,2020-02-01,441.0,Braking,Medium,Aluminum,Initial
0302B0002,03,02,B,0,2,2020-03-01,442.0,Braking,Medium,Aluminum,Initial
0302B0003,03,02,B,0,3,2020-04-01,443.0,Braking,Medium,Aluminum,Initial
0302B0004,03,02,B,0,4,2020-05-01,444.0,Braking,Medium,Aluminum,Initial
0302B0005,03,02,B,0,5,2020-06-01,445.0,Braking,Medium,Aluminum,Initial
0302B1001,03,02,B,1,1,2020-02-01,451.0,Braking,Medium,Aluminum,Rev1
0302B1002,03,02,B,1,2,2020-03-01,452.0,Braking,Medium,Aluminum,Rev1
0302B1003,03,02,B,1,3,2020-04-01,453.0,Braking,Medium,Aluminum,Rev1
0302B1004,03,02,B,1,4,2020-05-01,454.0,Braking,Medium,Aluminum,Rev1
0302B1005,03,02,B,1,5,2020-06-01,455.0,Braking,Medium,Aluminum,Rev1
0302B2001,03,02,B,2,1,2020-02-01,461.0,Braking,Medium,Aluminum,Rev2
0302B2002,03,02,B,2,2,2020-03-01,462.0,Braking,Medium,Aluminum,Rev2
0302B2003,03,02,B,2,3,2020-04-01,463.0,Braking,Medium,Aluminum,Rev2
0302B2004,03,02,B,2,4,2020-05-01,464.0,Braking,Medium,Aluminum,Rev2
0302B2005,03,02,B,2,5,2020-06-01,465.0,Braking,Medium,Aluminum,Rev2
0302C0001,03,02,C,0,1,2020-02-01,461.0,Braking,Medium,CarbonFiber,Initial
0302C0002,03,02,C,0,2,2020-03-01,462.0,Braking,Medium,CarbonFiber,Initial
0302C0003,03,02,C,0,3,2020-04-01,463.0,Braking,Medium,CarbonFiber,Initial
0302C0004,03,02,C,0,4,2020-05-01,464.0,Braking,Medium,CarbonFiber,Initial
0302C0005,03,02,C,0,5,2020-06-01,465.0,Braking,Medium,CarbonFiber,Initial
0302C1001,03,02,C,1,1,2020-02-01,471.0,Braking,Medium,CarbonFiber,Rev1
0302C1002,03,02,C,1,2,2020-03-01,472.0,Braking,Medium,CarbonFiber,Rev1
0302C1003,03,02,C,1,3,2020-04-01,473.0,Braking,Medium,CarbonFiber,Rev1
0302C1004,03,02,C,1,4,2020-05-01,474.0,Braking,Medium,CarbonFiber,Rev1
0302C1005,03,02,C,1,5,2020-06-01,475.0,Braking,Medium,CarbonFiber,Rev1
0302C2001,03,02,C,2,1,2020-02-01,481.0,Braking,Medium,CarbonFiber,Rev2
0302C2002,03,02,C,2,2,2020-03-01,482.0,Braking,Medium,CarbonFiber,Rev2
0302C2003,03,02,C,2,3,2020-04-01,483.0,Braking,Medium,CarbonFiber,Rev2
0302C2004,03,02,C,2,4,2020-05-01,484.0,Braking,Medium,CarbonFiber,Rev2
0302C2005,03,02,C,2,5,2020-06-01,485.0,Braking,Medium,CarbonFiber,Rev2
0303A0001,03,03,A,0,1,2020-02-01,471.0,Braking,Large,Steel,Initial
0303A0002,03,03,A,0,2,2020-03-01,472.0,Braking,Large,Steel,Initial
0303A0003,03,03,A,0,3,2020-04-01,473.0,Braking,Large,Steel,Initial
0303A0004,03,03,A,0,4,2020-05-01,474.0,Braking,Large,Steel,Initial
0303A0005,03,03,A,0,5,2020-06-01,475.0,Braking,Large,Steel,Initial
0303A1001,03,03,A,1,1,2020-02-01,481.0,Braking,Large,Steel,Rev1
0303A1002,03,03,A,1,2,2020-03-01,482.0,Braking,Large,Steel,Rev1
0303A1003,03,03,A,1,3,2020-04-01,483.0,Braking,Large,Steel,Rev1
0303A1004,03,03,A,1,4,2020-05-01,484.0,Braking,Large,Steel,Rev1
0303A1005,03,03,A,1,5,2020-06-01,485.0,Braking,Large,Steel,Rev1
0303A2001,03,03,A,2,1,2020-02-01,491.0,Braking,Large,Steel,Rev2
0303A2002,03,03,A,2,2,2020-03-01,492.0,Braking,Large,Steel,Rev2
0303A2003,03,03,A,2,3,2020-04-01,493.0,Braking,Large,Steel,Rev2
0303A2004,03,03,A,2,4,2020-05-01,494.0,Braking,Large,Steel,Rev2
0303A2005,03,03,A,2,5,2020-06-01,495.0,Braking,Large,Steel,Rev2
0303B0001,03,03,B,0,1,2020-02-01,491.0,Braking,Large,Aluminum,Initial
0303B0002,03,03,B,0,2,2020-03-01,492.0,Braking,Large,Aluminum,Initial
0303B0003,03,03,B,0,3,2020-04-01,493.0,Braking,Large,Aluminum,Initial
0303B0004,03,03,B,0,4,2020-05-01,494.0,Braking,Large,Aluminum,Initial
0303B0005,03,03,B,0,5,2020-06-01,495.0,Braking,Large,Aluminum,Initial
0303B1001,03,03,B,1,1,2020-02-01,501.0,Braking,Large,Aluminum,Rev1
0303B1002,03,03,B,1,2,2020-03-01,502.0,Braking,Large,Aluminum,Rev1
0303B1003,03,03,B,1,3,2020-04-01,503.0,Braking,Large,Aluminum,Rev1
0303B1004,03,03,B,1,4,2020-05-01,504.0,Braking,Large,Aluminum,Rev1
0303B1005,03,03,B,1,5,2020-06-01,505.0,Braking,Large,Aluminum,Rev1
0303B2001,03,03,B,2,1,2020-02-01,511.0,Braking,Large,Aluminum,Rev2
0303B2002,03,03,B,2,2,2020-03-01,512.0,Braking,Large,Aluminum,Rev2
0303B2003,03,03,B,2,3,2020-04-01,513.0,Braking,Large,Aluminum,Rev2
0303B2004,03,03,B,2,4,2020-05-01,514.0,Braking,Large,Aluminum,Rev2
0303B2005,03,03,B,2,5,2020-06-01,515.0,Braking,Large,Aluminum,Rev2
0303C0001,03,03,C,0,1,2020-02-01,511.0,Braking,Large,CarbonFiber,Initial
0303C0002,03,03,C,0,2,2020-03-01,512.0,Braking,Large,CarbonFiber,Initial
0303C0003,03,03,C,0,3,2020-04-01,513.0,Braking,Large,CarbonFiber,Initial
0303C0004,03,03,C,0,4,2020-05-01,514.0,Braking,Large,CarbonFiber,Initial
0303C0005,03,03,C,0,5,2020-06-01,515.0,Braking,Large,CarbonFiber,Initial
0303C1001,03,03,C,1,1,2020-02-01,521.0,Braking,Large,CarbonFiber,Rev1
0303C1002,03,03,C,1,2,2020-03-01,522.0,Braking,Large,CarbonFiber,Rev1
0303C1003,03,03,C,1,3,2020-04-01,523.0,Braking,Large,CarbonFiber,Rev1
0303C1004,03,03,C,1,4,2020-05-01,524.0,Braking,Large,CarbonFiber,Rev1
0303C1005,03,03,C,1,5,2020-06-01,525.0,Braking,Large,CarbonFiber,Rev1
0303C2001,03,03,C,2,1,2020-02-01,531.0,Braking,Large,CarbonFiber,Rev2
0303C2002,03,03,C,2,2,2020-03-01,532.0,Braking,Large,CarbonFiber,Rev2
0303C2003,03,03,C,2,3,2020-04-01,533.0,Braking,Large,CarbonFiber,Rev2
0303C2004,03,03,C,2,4,2020-05-01,534.0,Braking,Large,CarbonFiber,Rev2
0303C2005,03,03,C,2,5,2020-06-01,535.0,Braking,Large,CarbonFiber,Rev2
